Date,20211116_145058_0242
Motor Name,desk
Record ID, Time(ms), X-Accel, Y-Accel, Z-Accel, Motor Speed
1,250,0.1392198,0.134216,0.1336601,0
2,500,0.109649,0.1438945,0.1494296,0
3,750,0.11267193,0.10874329,0.1596595,0
4,1000,0.1349739,0.11269276,0.12076685,0
5,1250,0.1649872,0.11910743,0.1462619,0
6,1500,0.11251548,0.11658985,0.12097121,0
7,1750,0.10508904,0.1318075,0.126953,0
8,2000,0.11688466,0.10758407,0.1496586,0
9,2250,0.1404822,0.1420886,0.1378387,0
10,2500,0.1409745,0.1188195,0.1527788,0
11,2750,0.11180234,0.12295221,0.1318359,0
12,3000,0.1836212,0.1334449,0.10600298,0
13,3250,0.11145591,0.1486106,0.1481117,0
14,3500,0.1170884,0.188004,0.1413131,0
15,3750,0.09882862,0.1404011,0.1393197,0
16,4000,0.132371,0.1251565,0.1611793,0
17,4250,0.1538042,0.1300319,0.1765923,0
18,4500,0.136398,0.12486769,0.132443,0
19,4750,0.11284253,0.1276891,0.1473211,0
20,5000,0.11372904,0.1415961,0.1315881,0
21,5250,0.138645,0.134595,0.1437987,0
22,5500,0.10438079,0.1539534,0.1562921,0
23,5750,0.10459082,0.09753242,0.12385368,0
24,6000,0.1448864,0.11959577,0.1470919,0
25,6250,0.1497258,0.1334593,0.1331723,0
26,6500,0.12093401,0.1612397,0.1052587,0
27,6750,0.12211245,0.142433,0.1362882,0
28,7000,0.1501145,0.1307069,0.1555186,0
29,7250,0.12356474,0.11295812,0.11678591,0
30,7500,0.1266766,0.1328673,0.1489855,0
31,7750,0.10847287,0.148642,0.130481,0
32,8000,0.1352352,0.12001389,0.1719964,0
33,8250,0.1396563,0.1408446,0.11591692,0
34,8500,0.1403668,0.11903068,0.1636762,0
35,8750,0.1434464,0.08877023,0.1590254,0
36,9000,0.126288,0.11941201,0.1805699,0
37,9250,0.10006554,0.1544581,0.1252823,0
38,9500,0.12457986,0.11869948,0.1135561,0
39,9750,0.11744691,0.1582504,0.1251546,0
40,10000,0.1855744,0.10017372,0.151415,0
41,10250,0.11935523,0.130604,0.125759,0
42,10500,0.1397122,0.1542018,0.1465905,0
43,10750,0.1507944,0.1555252,0.1607668,0
44,11000,0.1376758,0.1294469,0.12474178,0
45,11250,0.1295505,0.1520411,0.1318954,0
46,11500,0.1383696,0.1615086,0.1490085,0
47,11750,0.10579017,0.12340707,0.1502636,0
48,12000,0.1181895,0.1565466,0.1642248,0
49,12250,0.1481833,0.1616182,0.1652073,0
50,12500,0.1540957,0.1313698,0.1331358,0
51,12750,0.1384799,0.1544134,0.10884108,0
52,13000,0.1443882,0.1527383,0.1785313,0
53,13250,0.1233274,0.1590198,0.1302888,0
54,13500,0.1518007,0.1603921,0.1466302,0
55,13750,0.1333392,0.10255664,0.10651785,0
56,14000,0.146599,0.11317841,0.10707534,0
57,14250,0.11588325,0.1663021,0.1350854,0
58,14500,0.1393951,0.11594487,0.1325437,0
59,14750,0.12337255,0.1272773,0.11152496,0
60,15000,0.12352144,0.12456827,0.1647725,0
61,15250,0.10980657,0.10294525,0.10912647,0
62,15500,0.1340748,0.11483416,0.1306666,0
63,15750,0.12455954,0.1480593,0.1315599,0
64,16000,0.12159757,0.12458901,0.1384482,0
65,16250,0.11274243,0.1366781,0.1333478,0
66,16500,0.1269506,0.1625397,0.155929,0
67,16750,0.138891,0.1477623,0.1564867,0
68,17000,0.1467623,0.1416476,0.10054508,0
69,17250,0.1331337,0.11428044,0.1681952,0
70,17500,0.1677686,0.1517026,0.1527226,0
71,17750,0.12359887,0.1337954,0.1714276,0
72,18000,0.1527027,0.1297573,0.11013789,0
73,18250,0.1362846,0.1339137,0.11919045,0
74,18500,0.11675581,0.1076114,0.1422072,0
75,18750,0.1690771,0.1311832,0.1634017,0
76,19000,0.1539888,0.1270682,0.12136789,0
77,19250,0.154456,0.1358194,0.10808749,0
78,19500,0.1263436,0.1557661,0.10467973,0
79,19750,0.1357756,0.1323008,0.1299927,0
80,20000,0.1437997,0.10908983,0.1377738,0
81,20250,0.11823221,0.1316553,0.11210576,0
82,20500,0.12197635,0.1495524,0.1300865,0
83,20750,0.11587413,0.12367982,0.1412656,0
84,21000,0.1415637,0.10550293,0.1503499,0
85,21250,0.12267381,0.1399598,0.1380866,0
86,21500,0.1468261,0.1273853,0.1389109,0
87,21750,0.1289555,0.10449756,0.1296601,0
88,22000,0.1097145,0.1335435,0.12181596,0
89,22250,0.1418997,0.1348429,0.1379536,0
90,22500,0.1492237,0.10491956,0.10359178,0
91,22750,0.1377427,0.1410672,0.1290936,0
92,23000,0.134819,0.1348869,0.12498356,0
93,23250,0.1416407,0.1411351,0.1361608,0
94,23500,0.1742925,0.12325216,0.1434039,0
95,23750,0.1341239,0.1278948,0.1327581,0
96,24000,0.1430179,0.1412738,0.162348,0
97,24250,0.1663182,0.1712459,0.1378946,0
98,24500,0.1744536,0.1424378,0.12033428,0
99,24750,0.2003212,0.127536,0.1415821,0
100,25000,0.1274815,0.11478285,0.1517349,0
101,25250,0.11704236,0.1222736,0.11596631,0
102,25500,0.1299067,0.1397519,0.12213852,0
103,25750,0.11557133,0.1571788,0.1268949,0
104,26000,0.1524477,0.1409613,0.1434439,0
105,26250,0.1397664,0.140658,0.12255448,0
106,26500,0.1865343,0.1517278,0.1726965,0
107,26750,0.1427667,0.1510903,0.1487162,0
108,27000,0.164259,0.1278755,0.11617197,0
109,27250,0.10432298,0.11711609,0.1741659,0
110,27500,0.1654426,0.1754164,0.12009037,0
111,27750,0.08484408,0.11247039,0.1402518,0
112,28000,0.1398914,0.11407387,0.1259349,0
113,28250,0.11688008,0.12445199,0.1249296,0
114,28500,0.1267166,0.11057242,0.12368456,0
115,28750,0.11896154,0.11351132,0.1273383,0
116,29000,0.1396335,0.12428817,0.1333366,0
117,29250,0.1310426,0.147652,0.1312528,0
118,29500,0.1308985,0.10941386,0.1440708,0
119,29750,0.1310808,0.1367738,0.1439782,0
120,30000,0.1518932,0.12308045,0.1474125,0
121,30250,0.12089823,0.12305582,0.1306501,0
122,30500,0.11662957,0.11128967,0.1319975,0
123,30750,0.11196873,0.1253667,0.1407988,0
124,31000,0.1478326,0.1590486,0.1594166,0
125,31250,0.10211596,0.11678078,0.134161,0
126,31500,0.1708607,0.1350831,0.1343837,0
127,31750,0.1495768,0.1292691,0.10884453,0
128,32000,0.11525751,0.1631633,0.1187035,0
129,32250,0.12388542,0.1448011,0.1437339,0
130,32500,0.11599548,0.11977984,0.177035,0
131,32750,0.1527394,0.1693898,0.1462455,0
132,33000,0.1689768,0.11041129,0.1615674,0
133,33250,0.137139,0.1797523,0.1283928,0
134,33500,0.1373107,0.1540264,0.1697776,0
135,33750,0.1395061,0.1301116,0.1306513,0
136,34000,0.1485478,0.11141718,0.1923672,0
137,34250,0.1438284,0.1722336,0.1403114,0
138,34500,0.1381744,0.10477238,0.1500955,0
139,34750,0.1382956,0.11700572,0.1483396,0
140,35000,0.1682921,0.11394494,0.11021761,0
141,35250,0.1554986,0.12183046,0.1333701,0
142,35500,0.1458185,0.1290289,0.1442308,0
143,35750,0.1565169,0.1655731,0.1430338,0
144,36000,0.1343487,0.1287843,0.1297391,0
145,36250,0.1286964,0.1320296,0.1504102,0
146,36500,0.1341603,0.1312833,0.1361244,0
147,36750,0.1603907,0.1566652,0.1459779,0
148,37000,0.1531837,0.09862068,0.1425144,0
149,37250,0.11686893,0.1635384,0.1608778,0
150,37500,0.130427,0.1355933,0.1272739,0
151,37750,0.1388688,0.1475333,0.1268387,0
152,38000,0.12424621,0.1321941,0.17819,0
153,38250,0.11295017,0.1491189,0.1194098,0
154,38500,0.12011431,0.1487264,0.1335286,0
155,38750,0.142577,0.11960341,0.11633003,0
156,39000,0.1710852,0.1319583,0.1523703,0
157,39250,0.11381772,0.1511653,0.1309162,0
158,39500,0.1285254,0.11404324,0.1398451,0
159,39750,0.1440798,0.1329819,0.11983844,0
160,40000,0.10649502,0.152891,0.10842336,0
161,40250,0.1348434,0.12451551,0.12280508,0
162,40500,0.1317635,0.1399569,0.1546317,0
163,40750,0.1309259,0.1406017,0.1343522,0
164,41000,0.10283948,0.1313285,0.132452,0
165,41250,0.136849,0.11148953,0.1329165,0
166,41500,0.1344208,0.127422,0.1345315,0
167,41750,0.1770319,0.1302543,0.10497878,0
168,42000,0.1119151,0.1629477,0.1368907,0
169,42250,0.1570834,0.1501483,0.1575091,0
170,42500,0.11271325,0.1204331,0.1394133,0
171,42750,0.11658063,0.1414472,0.1376339,0
172,43000,0.11867625,0.12333283,0.11395504,0
173,43250,0.11888185,0.1927448,0.12382542,0
174,43500,0.1527135,0.1282265,0.1801553,0
175,43750,0.1544349,0.1724165,0.1343909,0
176,44000,0.1291548,0.1644083,0.1282789,0
177,44250,0.1750268,0.1557636,0.1482379,0
178,44500,0.1732458,0.1591594,0.1390975,0
179,44750,0.1386027,0.1710547,0.1401203,0
180,45000,0.1458996,0.1541862,0.1498103,0
181,45250,0.1582441,0.1540617,0.1590172,0
182,45500,0.1807892,0.1493964,0.1491602,0
183,45750,0.1517049,0.15886,0.1706559,0
184,46000,0.2037609,0.1259662,0.12471577,0
185,46250,0.1431874,0.1492527,0.1572946,0
186,46500,0.1741366,0.146163,0.1588531,0
187,46750,0.1673884,0.1531894,0.1304361,0
188,47000,0.1435301,0.1464659,0.1455689,0
189,47250,0.1632152,0.146515,0.145181,0
190,47500,0.12217309,0.11025629,0.1433713,0
191,47750,0.1437802,0.170528,0.1571853,0
192,48000,0.1315082,0.1489693,0.1365854,0
193,48250,0.1674495,0.1443088,0.1438772,0
194,48500,0.1475341,0.10640712,0.1306335,0
195,48750,0.1398742,0.1346349,0.11744561,0
196,49000,0.1404281,0.10623541,0.11553784,0
197,49250,0.1264398,0.1662859,0.1495792,0
198,49500,0.1373139,0.11516348,0.1421676,0
199,49750,0.1515785,0.1660722,0.1506109,0
200,50000,0.152304,0.1382447,0.1430615,0
201,50250,0.1134235,0.1428274,0.1281766,0
202,50500,0.08625948,0.1273495,0.11802114,0
203,50750,0.12193361,0.1268146,0.11134049,0
204,51000,0.1329714,0.1180493,0.1374316,0
205,51250,0.1526901,0.1755652,0.1384962,0
206,51500,0.1373233,0.135363,0.12294311,0
207,51750,0.12467673,0.11450207,0.12337585,0
208,52000,0.1396228,0.1456005,0.174846,0
209,52250,0.1278272,0.1277212,0.1327058,0
210,52500,0.1456749,0.1502619,0.1527551,0
211,52750,0.1431414,0.1772489,0.1391421,0
212,53000,0.1424611,0.1452785,0.14325,0
213,53250,0.1415701,0.11107591,0.1114469,0
214,53500,0.1324362,0.11703505,0.1541329,0
215,53750,0.1788586,0.1617972,0.12341604,0
216,54000,0.1644404,0.1535875,0.11632667,0
217,54250,0.1807101,0.1298982,0.1601271,0
218,54500,0.1797755,0.1708009,0.137342,0
219,54750,0.1405863,0.1868125,0.1504152,0
220,55000,0.1376575,0.1825989,0.1414864,0
221,55250,0.1636226,0.1576042,0.1436699,0
222,55500,0.1494684,0.1554366,0.1574135,0
223,55750,0.1789152,0.1654951,0.11590794,0
224,56000,0.1855815,0.1550228,0.1703341,0
225,56250,0.1340782,0.1339669,0.1620071,0
226,56500,0.1673113,0.1728441,0.1598159,0
227,56750,0.1811656,0.1259526,0.1490705,0
228,57000,0.1402705,0.1504811,0.1498416,0
229,57250,0.1296212,0.1761448,0.1690109,0
230,57500,0.1473233,0.1410825,0.1401811,0
231,57750,0.11910422,0.1805973,0.1481045,0
232,58000,0.1383548,0.2271532,0.1366205,0
233,58250,0.1381714,0.167776,0.1416619,0
234,58500,0.1627752,0.1542861,0.1549316,0
235,58750,0.1764011,0.1777907,0.1693181,0
236,59000,0.1375649,0.1727276,0.1301633,0
237,59250,0.1354621,0.1443571,0.1347364,0
238,59500,0.1249503,0.1431992,0.12269539,0
239,59750,0.1492421,0.1444006,0.11797032,0
240,60000,0.1637511,0.1400966,0.1453415,0
241,60250,0.1612435,0.1438298,0.1506701,0
242,60500,0.1813663,0.1641618,0.12330541,0
243,60750,0.1489784,0.1334305,0.1404325,0
244,61000,0.137179,0.15509,0.1331678,0
245,61250,0.1783411,0.153438,0.1374352,0
246,61500,0.1497414,0.142668,0.1580404,0
247,61750,0.1341417,0.1383145,0.1306623,0
248,62000,0.11700372,0.12052696,0.1470077,0
249,62250,0.2240771,0.2716596,0.1546692,0
250,62500,0.165213,0.132244,0.1588343,0
251,62750,0.1529299,0.180792,0.1555335,0
252,63000,0.141942,0.12404355,0.1758945,0
253,63250,0.1452513,0.1567169,0.1623084,0
254,63500,0.1676354,0.1332976,0.14161,0
255,63750,0.1741127,0.1386982,0.1789092,0
256,64000,0.1634255,0.1694106,0.1401515,0
257,64250,0.1588312,0.1316732,0.1523023,0
258,64500,0.1516479,0.1599055,0.1492933,0
259,64750,0.1448285,0.1464029,0.11552621,0
260,65000,0.11923598,0.1454364,0.1268338,0
261,65250,0.1334653,0.1585915,0.1690975,0
262,65500,0.12318323,0.1612817,0.1478344,0
263,65750,0.1679303,0.1688487,0.1675537,0
264,66000,0.1449361,0.1828798,0.11898844,0
265,66250,0.1486402,0.1892298,0.1739142,0
266,66500,0.1630624,0.1580784,0.1597472,0
267,66750,0.1330116,0.1702295,0.1290974,0
268,67000,0.12018309,0.1743178,0.1671175,0
269,67250,0.1612746,0.163363,0.1310573,0
270,67500,0.1415657,0.1640342,0.1395759,0
271,67750,0.1425492,0.1530624,0.1720108,0
272,68000,0.129538,0.1549188,0.1342947,0
273,68250,0.1582625,0.1746662,0.1419703,0
274,68500,0.145113,0.1685954,0.1486982,0
275,68750,0.1324928,0.1381592,0.1391874,0
276,69000,0.1477006,0.1524198,0.2148369,0
277,69250,0.1533279,0.1485511,0.11808867,0
278,69500,0.1357248,0.1469408,0.1407348,0
279,69750,0.1478059,0.1347709,0.1416372,0
280,70000,0.11011748,0.1505731,0.11756222,0
281,70250,0.120851,0.1321825,0.133253,0
282,70500,0.1371123,0.1776383,0.1154665,0
283,70750,0.1404786,0.1505472,0.1374597,0
284,71000,0.12261559,0.1466787,0.1277076,0
285,71250,0.1441564,0.1360889,0.1285657,0
286,71500,0.12175614,0.127155,0.1615597,0
287,71750,0.11464585,0.12084973,0.1339826,0
288,72000,0.11591706,0.12012475,0.1294909,0
289,72250,0.1470223,0.1235368,0.1293026,0
290,72500,0.1764683,0.1267653,0.12186962,0
291,72750,0.1431542,0.1482508,0.1274507,0
292,73000,0.1402584,0.09843427,0.131993,0
293,73250,0.1351136,0.1264807,0.1577749,0
294,73500,0.1455829,0.1385694,0.1294186,0
295,73750,0.1457353,0.1377518,0.1423624,0
296,74000,0.143497,0.1274265,0.125404,0
297,74250,0.1277452,0.1290138,0.1369828,0
298,74500,0.1301626,0.11292894,0.11921515,0
299,74750,0.1341091,0.1351928,0.1493875,0
300,75000,0.09241706,0.1383074,0.1462828,0
301,75250,0.1500424,0.1357876,0.1484016,0
302,75500,0.10889712,0.1310384,0.1286568,0
303,75750,0.1359802,0.10956705,0.12219054,0
304,76000,0.1301914,0.11649883,0.11326466,0
305,76250,0.11251336,0.1442051,0.1426713,0
306,76500,0.1396103,0.1185353,0.1395483,0
307,76750,0.148003,0.1355462,0.1332128,0
308,77000,0.2329385,0.2736411,1.560058,0
309,77250,0.181223,0.1634924,0.1450591,0
310,77500,0.2234485,0.3528119,1.850532,0
311,77750,0.1618199,0.1598623,0.1361948,0
312,78000,0.158287,0.1441763,0.1291712,0
313,78250,0.1349278,0.1473052,0.11262969,0
314,78500,0.1458605,0.1257285,0.1393104,0
315,78750,0.09704508,0.11838859,0.1496617,0
316,79000,0.1354551,0.131215,0.1452601,0
317,79250,0.11230328,0.11359754,0.1627061,0
318,79500,0.11375938,0.1560436,0.1761796,0
319,79750,0.1459115,0.11607713,0.1665902,0
320,80000,0.1123517,0.1652615,0.1585472,0
321,80250,0.1159763,0.12229388,0.11551423,0
322,80500,0.1253531,0.1549613,0.1453124,0
323,80750,0.11920577,0.1620312,0.10837768,0
324,81000,0.1252481,0.1333371,0.1353632,0
325,81250,0.12117677,0.1542416,0.1512494,0
326,81500,0.1272119,0.11111163,0.1395962,0
327,81750,0.11415188,0.1726372,0.12379123,0
328,82000,0.146689,0.11008556,0.12185594,0
329,82250,0.1774898,0.1298119,0.11077839,0
330,82500,0.131048,0.1558137,0.146249,0
331,82750,0.1446237,0.150311,0.11611461,0
332,83000,0.11162841,0.1634338,0.11509167,0
333,83250,0.11194652,0.11371665,0.1448987,0
334,83500,0.09377866,0.11155041,0.1422225,0
335,83750,0.1317744,0.11244699,0.1634379,0
336,84000,0.11283931,0.12166728,0.1262372,0
337,84250,0.1746033,0.1517656,0.1490097,0
338,84500,0.10835324,0.1285729,0.1545116,0
339,84750,0.1710261,0.1492562,0.1335348,0
340,85000,0.1255761,0.1643005,0.1610049,0
341,85250,0.12468091,0.1290729,0.12331531,0
342,85500,0.1371817,0.11940914,0.10249674,0
343,85750,0.1366175,0.154474,0.12073953,0
344,86000,0.11690572,0.1392962,0.11022372,0
345,86250,0.1011992,0.135833,0.10071615,0
346,86500,0.11640728,0.12258601,0.1749242,0
347,86750,0.1451168,0.09970269,0.12385181,0
348,87000,0.1448177,0.1415983,0.1310807,0
349,87250,0.1223568,0.12381136,0.150251,0
350,87500,0.12428239,0.1499859,0.1404425,0
351,87750,0.12836,0.12195246,0.12348061,0
352,88000,0.1524569,0.1315995,0.1586488,0
353,88250,0.1330271,0.11738654,0.1732926,0
354,88500,0.1553165,0.1379066,0.1496266,0
355,88750,0.1347485,0.1541914,0.1233446,0
356,89000,0.1341473,0.1358965,0.1495999,0
357,89250,0.1311675,0.12042513,0.1381965,0
358,89500,0.11975686,0.12341647,0.1514901,0
359,89750,0.11225853,0.11523892,0.136888,0
360,90000,0.1250437,0.1368554,0.12199438,0
361,90250,0.1496996,0.1512836,0.1653855,0
362,90500,0.1328189,0.1432895,0.1538729,0
363,90750,0.10962871,0.1384361,0.1385609,0
364,91000,0.1463862,0.1446359,0.1406282,0
365,91250,0.12292732,0.1327561,0.170053,0
366,91500,0.10078359,0.08531576,0.162882,0
367,91750,0.09358918,0.1536755,0.11920334,0
368,92000,0.12182322,0.1345428,0.1256235,0
369,92250,0.1377194,0.1529544,0.136223,0
370,92500,0.11653467,0.1353711,0.1433442,0
371,92750,0.11098841,0.1374964,0.10460616,0
372,93000,0.1397905,0.1359344,0.1387518,0
373,93250,0.1303762,0.1279057,0.1320688,0
374,93500,0.119142,0.1433403,0.1476926,0
375,93750,0.16354,0.1588841,0.1112517,0
376,94000,0.1281798,0.1265616,0.10382514,0
377,94250,0.10131896,0.10349137,0.1559374,0
378,94500,0.1812426,0.1721689,0.1304995,0
379,94750,0.1307413,0.11470104,0.11723053,0
380,95000,0.1348482,0.12337101,0.12172595,0
381,95250,0.1549473,0.1280603,0.1449115,0
382,95500,0.1415866,0.12426796,0.11707574,0
383,95750,0.1327069,0.1358057,0.1674567,0
384,96000,0.1714931,0.1313355,0.1425248,0
385,96250,0.11648869,0.1378733,0.1254339,0
386,96500,0.10630023,0.1549751,0.1294846,0
387,96750,0.11322793,0.1354549,0.11288662,0
388,97000,0.12050506,0.1270315,0.1692954,0
389,97250,0.164351,0.1309033,0.159203,0
390,97500,0.1705415,0.09969234,0.133134,0
391,97750,0.1277124,0.10785424,0.1485915,0
392,98000,0.11172704,0.11189012,0.11399382,0
393,98250,0.1422277,0.1645822,0.1347238,0
394,98500,0.1439886,0.09920979,0.10389403,0
395,98750,0.10031077,0.1471096,0.1432452,0
396,99000,0.1397981,0.1693986,0.1569774,0
397,99250,0.1485144,0.1565013,0.1375712,0
398,99500,0.1470209,0.1270757,0.10650253,0
399,99750,0.1485563,0.1293565,0.1453134,0
400,100000,0.1270342,0.1612171,0.1471839,0
401,100250,0.1344486,0.11650538,0.11374559,0
402,100500,0.1638296,0.12097227,0.159916,0
403,100750,0.1518901,0.1715511,0.12358768,0
404,101000,0.12289201,0.1511255,0.1411261,0
405,101250,0.1437318,0.1374667,0.1354355,0
406,101500,0.10135201,0.1256956,0.1502985,0
407,101750,0.10840437,0.1326828,0.1450962,0
408,102000,0.10758933,0.1552313,0.11466237,0
409,102250,0.1311293,0.1463959,0.10980672,0
410,102500,0.11120556,0.132383,0.145405,0
411,102750,0.10782632,0.1658799,0.1385696,0
412,103000,0.11144875,0.11398235,0.133232,0
413,103250,0.12178417,0.11901491,0.1677614,0
414,103500,0.1375367,0.137467,0.1342497,0
415,103750,0.12047242,0.143693,0.12589,0
416,104000,0.11708354,0.10285521,0.10756964,0
417,104250,0.10436407,0.11294006,0.11581595,0
418,104500,0.11990397,0.2001419,0.3584393,0
419,104750,0.1682959,0.1488012,0.3355824,0
420,105000,0.1707839,0.2468648,1.028386,0
421,105250,0.1043512,0.1401327,0.11290627,0
422,105500,0.1267316,0.11605686,0.1483822,0
423,105750,0.137714,0.12486663,0.1417915,0
424,106000,0.1007126,0.11943489,0.1375539,0
425,106250,0.1302798,0.10827363,0.11796892,0
426,106500,0.1368057,0.12325099,0.1493114,0
427,106750,0.135763,0.15247,0.1525612,0
428,107000,0.11985363,0.10459511,0.10700887,0
429,107250,0.10700434,0.1280205,0.1301597,0
430,107500,0.1655983,0.1551217,0.130699,0
431,107750,0.1468981,0.1362603,0.1396885,0
432,108000,0.10649855,0.1547096,0.1328774,0
433,108250,0.1307437,0.1304945,0.1450737,0
434,108500,0.1299817,0.12472855,0.1380431,0
435,108750,0.1188959,0.11982646,0.09949405,0
436,109000,0.1310427,0.1696762,0.1602108,0
437,109250,0.1132458,0.1324005,0.1382217,0
438,109500,0.1240022,0.1252689,0.1375155,0
439,109750,0.12279449,0.11531147,0.1296816,0
440,110000,0.10748478,0.1443592,0.146065,0
441,110250,0.1422381,0.1502569,0.1479573,0
442,110500,0.1162353,0.1576338,0.1588529,0
443,110750,0.11472666,0.12645,0.1416626,0
444,111000,0.1296174,0.1518564,0.1519518,0
445,111250,0.1279569,0.1280069,0.1504552,0
446,111500,0.11680742,0.10191425,0.11344402,0
447,111750,0.1508556,0.09956378,0.1372974,0
448,112000,0.12254655,0.1453974,0.146444,0
449,112250,0.1577826,0.11525096,0.1903773,0
450,112500,0.1398669,0.1735164,0.168026,0
451,112750,0.171967,0.1607161,0.1075453,0
452,113000,0.142129,0.11564884,0.11539722,0
453,113250,0.11292902,0.11865962,0.1397845,0
454,113500,0.1316608,0.1457336,0.1765066,0
455,113750,0.1254126,0.1358378,0.11932463,0
456,114000,0.10860267,0.1273688,0.1229054,0
457,114250,0.1954374,0.12107904,0.1884699,0
458,114500,0.1463784,0.133591,0.12359083,0
459,114750,0.1655954,0.1360107,0.12476408,0
460,115000,0.10440441,0.132124,0.1332548,0
461,115250,0.11229654,0.1679072,0.1294966,0
462,115500,0.1989826,0.1510392,0.11077297,0
463,115750,0.123275,0.1345355,0.1316525,0
464,116000,0.1616336,0.1264808,0.1362013,0
465,116250,0.12437043,0.1682674,0.1417347,0
466,116500,0.1495672,0.11310876,0.11365413,0
467,116750,0.11364456,0.1311534,0.1347195,0
468,117000,0.12334825,0.10757699,0.1119896,0
469,117250,0.1269417,0.11878379,0.1632833,0
470,117500,0.1304394,0.12258105,0.1333688,0
471,117750,0.1557841,0.1281223,0.11482841,0
472,118000,0.1421642,0.1366681,0.1469243,0
473,118250,0.0977816,0.11911777,0.1265646,0
474,118500,0.12124458,0.10536504,0.1327296,0
475,118750,0.1250562,0.11643349,0.1459098,0
476,119000,0.1494561,0.1503172,0.131109,0
477,119250,0.157917,0.1754356,0.1996502,0
478,119500,0.12493941,0.12198344,0.1355181,0
479,119750,0.12331139,0.1749953,0.09480847,0
480,120000,0.1475562,0.189235,0.1372412,0
481,120250,0.1326595,0.19636,0.1271273,0
482,120500,0.11372913,0.1290851,0.1493945,0
483,120750,0.1413732,0.08847368,0.1315466,0
484,121000,0.1352855,0.136945,0.1497235,0
485,121250,0.1236084,0.10399742,0.12363452,0
486,121500,0.1433368,0.11978015,0.1257113,0
487,121750,0.1353779,0.12170135,0.1474251,0
488,122000,0.09970082,0.1435339,0.12393891,0
489,122250,0.1357509,0.10949168,0.1349584,0
490,122500,0.139903,0.1376435,0.154607,0
491,122750,0.11349718,0.11603239,0.11469121,0
492,123000,0.11574385,0.1374067,0.1463611,0
493,123250,0.1309622,0.1925597,0.1273413,0
494,123500,0.1315015,0.1344668,0.1272747,0
495,123750,0.1290207,0.1357243,0.12208023,0
496,124000,0.11267868,0.1367379,0.1563708,0
497,124250,0.10926295,0.11221735,0.1457094,0
498,124500,0.1255567,0.11227466,0.1743427,0
499,124750,0.1404139,0.12095015,0.1270499,0
500,125000,0.1352993,0.1429949,0.1342469,0
501,125250,0.12261713,0.1504682,0.1400562,0
502,125500,0.1464716,0.1432469,0.11180801,0
503,125750,0.11953357,0.1461111,0.1575176,0
504,126000,0.11745473,0.1522364,0.1941501,0
505,126250,0.1313745,0.1440801,0.12031197,0
506,126500,0.156851,0.11470136,0.1408843,0
507,126750,0.1401254,0.1253746,0.10190936,0
508,127000,0.1506024,0.1433834,0.11671221,0
509,127250,0.126272,0.1514947,0.1588042,0
510,127500,0.11095735,0.1379574,0.1286886,0
511,127750,0.1346593,0.1584747,0.1135339,0
512,128000,0.1485176,0.11814825,0.11985219,0
513,128250,0.10096581,0.11623787,0.1363976,0
514,128500,0.11878707,0.1328248,0.09719166,0
515,128750,0.10923899,0.11602798,0.1563191,0
516,129000,0.1669075,0.1285343,0.1270429,0
517,129250,0.1487525,0.11757392,0.1526977,0
518,129500,0.12334759,0.12088056,0.1541839,0
519,129750,0.1785343,0.11696792,0.1408605,0
520,130000,0.1281614,0.1420428,0.1388902,0
521,130250,0.1539846,0.1282857,0.1260187,0
522,130500,0.1647272,0.12487416,0.1255368,0
523,130750,0.1417473,0.1509862,0.1310776,0
524,131000,0.12114833,0.11954726,0.09850249,0
525,131250,0.11055562,0.1804065,0.12309341,0
526,131500,0.11726653,0.11520761,0.1622161,0
527,131750,0.14202,0.1282653,0.1423625,0
528,132000,0.1484711,0.1275605,0.1448885,0
529,132250,0.1168293,0.1792148,0.1466962,0
530,132500,0.1256334,0.1452625,0.1345377,0
531,132750,0.11617177,0.1379674,0.1404851,0
532,133000,0.1629213,0.12391663,0.1464498,0
533,133250,0.1647862,0.11179066,0.1482344,0
534,133500,0.1036505,0.1838213,0.1388715,0
535,133750,0.11530934,0.1584591,0.12128584,0
536,134000,0.1500467,0.09748789,0.12070505,0
537,134250,0.1531145,0.10897581,0.1324724,0
538,134500,0.1262341,0.12249289,0.12089214,0
539,134750,0.1342389,0.1399944,0.1560468,0
540,135000,0.1478135,0.1363715,0.174648,0
541,135250,0.11370012,0.10437866,0.1303505,0
542,135500,0.1584206,0.1094863,0.11848833,0
543,135750,0.12371229,0.12018654,0.1444484,0
544,136000,0.1357134,0.11707558,0.1478594,0
545,136250,0.10254366,0.11364847,0.1533141,0
546,136500,0.11971265,0.12098121,0.142045,0
547,136750,0.1285852,0.12296618,0.10592106,0
548,137000,0.1516327,0.146491,0.12314562,0
549,137250,0.10776596,0.11179865,0.1524575,0
550,137500,0.1314347,0.09097982,0.1377357,0
551,137750,0.12190236,0.140766,0.1251446,0
552,138000,0.1393348,0.1347478,0.11931501,0
553,138250,0.1591942,0.1328052,0.1489254,0
554,138500,0.11579822,0.1315899,0.1176836,0
555,138750,0.1620609,0.1234433,0.1610606,0
556,139000,0.09825635,0.11114329,0.1536232,0
557,139250,0.10597773,0.11142381,0.1630207,0
558,139500,0.125466,0.1373724,0.128957,0
559,139750,0.1462815,0.1405045,0.1750648,0
560,140000,0.1427257,0.1534624,0.11833303,0
561,140250,0.1302574,0.1473143,0.12086165,0
562,140500,0.1322982,0.1305128,0.1313252,0
563,140750,0.12072894,0.1417334,0.1371974,0
564,141000,0.1344009,0.11226409,0.1403926,0
565,141250,0.09216,0.1193717,0.1450175,0
566,141500,0.12147612,0.11279224,0.1331021,0
567,141750,0.1285448,0.1371907,0.1491461,0
568,142000,0.1285861,0.1473243,0.1273984,0
569,142250,0.1284262,0.1174456,0.11630107,0
570,142500,0.12258367,0.1636326,0.11936072,0
571,142750,0.1451174,0.1420847,0.12269782,0
572,143000,0.12091696,0.12490395,0.1598136,0
573,143250,0.1280643,0.12144497,0.11486679,0
574,143500,0.1404187,0.1660716,0.1473025,0
575,143750,0.11656793,0.1288466,0.1493041,0
576,144000,0.10860354,0.13305,0.1641101,0
577,144250,0.11799601,0.1251095,0.1873944,0
578,144500,0.1497887,0.1134233,0.1561897,0
579,144750,0.13616,0.1341487,0.171901,0
580,145000,0.1612836,0.1329094,0.12282706,0
581,145250,0.11698945,0.1408097,0.1336078,0
582,145500,0.12477507,0.1427602,0.11004451,0
583,145750,0.10589187,0.12401278,0.1507187,0
584,146000,0.1136869,0.10382374,0.1424406,0
585,146250,0.1277001,0.1364459,0.1355582,0
586,146500,0.1325617,0.11225613,0.1635097,0
587,146750,0.1586835,0.1288763,0.1335934,0
588,147000,0.1251494,0.1098477,0.11348215,0
589,147250,0.11365043,0.1356773,0.10670599,0
590,147500,0.1387618,0.1341131,0.1260012,0
591,147750,0.10640611,0.10231886,0.1541668,0
592,148000,0.1653033,0.1655957,0.1412986,0
593,148250,0.1294247,0.1740738,0.1619743,0
594,148500,0.11336431,0.1039418,0.1253649,0
595,148750,0.1318705,0.1383844,0.164603,0
596,149000,0.11916814,0.1266695,0.1505379,0
597,149250,0.1323447,0.1549767,0.1270799,0
598,149500,0.143256,0.1684793,0.1304626,0
599,149750,0.1335473,0.137627,0.1180115,0
600,150000,0.1228848,0.1615524,0.1441948,0
601,150250,0.1354436,0.1380627,0.1444156,0
602,150500,0.1319971,0.1355283,0.1615118,0
603,150750,0.1339644,0.1468481,0.1418935,0
604,151000,0.2098933,0.12394468,0.12368238,0
605,151250,0.1295248,0.1410868,0.1641024,0
606,151500,0.09278487,0.1279363,0.1277193,0
607,151750,0.12022441,0.1454648,0.12437359,0
608,152000,0.1438636,0.1167442,0.11188714,0
609,152250,0.135594,0.1491731,0.1331883,0
610,152500,0.1407781,0.11651349,0.1379976,0
611,152750,0.1546183,0.144441,0.1491925,0
612,153000,0.11976959,0.11698684,0.10372269,0
613,153250,0.1290819,0.146341,0.1422874,0
614,153500,0.1320642,0.1408089,0.1355932,0
615,153750,0.1730108,0.1253592,0.12091195,0
616,154000,0.10124823,0.1550219,0.12061996,0
617,154250,0.12112388,0.12416191,0.1521573,0
618,154500,0.12126222,0.1396188,0.132388,0
619,154750,0.1409758,0.1287136,0.11456835,0
620,155000,0.1599323,0.1370658,0.1406905,0
621,155250,0.1033034,0.1322229,0.12230507,0
622,155500,0.1367167,0.1529921,0.12383181,0
623,155750,0.1319324,0.10963929,0.12189105,0
624,156000,0.1191829,0.169145,0.1496487,0
625,156250,0.1288599,0.1551057,0.162368,0
626,156500,0.1496964,0.1195785,0.11332265,0
627,156750,0.131683,0.10770961,0.1398893,0
628,157000,0.1493771,0.1582453,0.1152934,0
629,157250,0.143631,0.1780326,0.11848625,0
630,157500,0.1426654,0.1294437,0.1319943,0
631,157750,0.1409962,0.1685606,0.137458,0
632,158000,0.12127669,0.1671382,0.133211,0
633,158250,0.1472524,0.11388709,0.138156,0
634,158500,0.1369517,0.1419369,0.11300712,0
635,158750,0.12106106,0.11965162,0.1326823,0
636,159000,0.12154312,0.139309,0.1393295,0
637,159250,0.1277454,0.1371655,0.1398729,0
638,159500,0.11980236,0.11288954,0.1356875,0
639,159750,0.10431888,0.1529429,0.1602642,0
640,160000,0.10235021,0.1290746,0.11655568,0
641,160250,0.1413242,0.11755374,0.1535365,0
642,160500,0.10452665,0.1645013,0.1515265,0
643,160750,0.1436944,0.12335498,0.1358593,0
644,161000,0.12364383,0.1914111,0.1496209,0
645,161250,0.12091276,0.1284026,0.126946,0
646,161500,0.1506115,0.1724525,0.1493239,0
647,161750,0.1288022,0.1423879,0.11601566,0
648,162000,0.1461177,0.11578683,0.1307534,0
649,162250,0.11958162,0.197846,0.12335785,0
650,162500,0.11149573,0.11591049,0.11602019,0
651,162750,0.12008399,0.12216172,0.1511077,0
652,163000,0.1794839,0.1278935,0.1371832,0
653,163250,0.127075,0.1493725,0.1553184,0
654,163500,0.10732309,0.11804386,0.11967411,0
655,163750,0.1424269,0.1699762,0.1814284,0
656,164000,0.1582122,0.1548185,0.1622528,0
657,164250,0.1723296,0.128287,0.1329537,0
658,164500,0.10851738,0.1376048,0.1357898,0
659,164750,0.10309197,0.11749779,0.1316687,0
660,165000,0.1280245,0.1361318,0.1634139,0
661,165250,0.11765441,0.1397744,0.12130597,0
662,165500,0.10367945,0.1147285,0.1357634,0
663,165750,0.11730161,0.11246458,0.1299136,0
664,166000,0.1360036,0.1440719,0.1654266,0
665,166250,0.12239803,0.11265646,0.1704672,0
666,166500,0.1601294,0.11741024,0.147919,0
667,166750,0.1297053,0.1384929,0.11590542,0
668,167000,0.1364964,0.1284012,0.1593753,0
669,167250,0.1275112,0.1303726,0.1471687,0
670,167500,0.1477395,0.1423383,0.1288262,0
671,167750,0.11570965,0.1254044,0.1347109,0
672,168000,0.12316847,0.1282131,0.1373352,0
673,168250,0.11791883,0.1368022,0.1442562,0
674,168500,0.1276265,0.1743763,0.1300574,0
675,168750,0.11846329,0.1516669,0.1682587,0
676,169000,0.1765772,0.1368399,0.1085518,0
677,169250,0.11693451,0.1336771,0.1264474,0
678,169500,0.12477922,0.12432808,0.159855,0
679,169750,0.143036,0.1403193,0.1476304,0
680,170000,0.12409755,0.11853591,0.1418627,0
681,170250,0.1193373,0.11618914,0.1736707,0
682,170500,0.1268107,0.1263874,0.1422083,0
683,170750,0.12402043,0.1555967,0.10812584,0
684,171000,0.1276188,0.167268,0.1454384,0
685,171250,0.10704666,0.11802781,0.1393182,0
686,171500,0.1687932,0.12212895,0.1412826,0
687,171750,0.11073486,0.11260732,0.11022205,0
688,172000,0.12135989,0.1557458,0.1468602,0
689,172250,0.1560903,0.1276715,0.1772087,0
690,172500,0.1398288,0.11796512,0.12081508,0
691,172750,0.142878,0.137139,0.1282221,0
692,173000,0.163017,0.11101043,0.1303604,0
693,173250,0.1485272,0.1470027,0.1313382,0
694,173500,0.1426679,0.1496152,0.11261623,0
695,173750,0.1356642,0.1401238,0.1260338,0
696,174000,0.1683616,0.1328691,0.11689459,0
697,174250,0.1627717,0.1575378,0.1615533,0
698,174500,0.1450989,0.1443307,0.1183536,0
699,174750,0.1320811,0.12017838,0.1356516,0
700,175000,0.1299513,0.1258175,0.1479657,0
701,175250,0.11402953,0.1223509,0.1743517,0
702,175500,0.1322208,0.12389152,0.1323911,0
703,175750,0.1434012,0.11903656,0.1409075,0
704,176000,0.11759672,0.1430958,0.1328303,0
705,176250,0.11843221,0.12244751,0.1362565,0
706,176500,0.10959388,0.10697882,0.1295359,0
707,176750,0.12108081,0.11687662,0.10472862,0
708,177000,0.1435084,0.11754382,0.10671572,0
709,177250,0.11651188,0.1479502,0.1448841,0
710,177500,0.11797969,0.12333856,0.1521008,0
711,177750,0.10069615,0.1443046,0.11272926,0
712,178000,0.11849327,0.11076599,0.12460367,0
713,178250,0.12195224,0.1433302,0.1256005,0
714,178500,0.11375565,0.1059126,0.1482306,0
715,178750,0.141391,0.11124215,0.12473138,0
716,179000,0.11253863,0.10386163,0.1430638,0
717,179250,0.161011,0.1649101,0.1384646,0
718,179500,0.1314828,0.12354386,0.1387612,0
719,179750,0.10080161,0.1596336,0.1280332,0
720,180000,0.10239761,0.12200105,0.1353374,0
721,180250,0.1278813,0.1373308,0.136212,0
722,180500,0.1537925,0.1511674,0.11021978,0
723,180750,0.12316661,0.1514355,0.11890601,0
724,181000,0.1289341,0.1394031,0.1453474,0
725,181250,0.09591904,0.11800526,0.1295344,0
726,181500,0.1452003,0.1272979,0.11462759,0
727,181750,0.1271314,0.10013701,0.11482191,0
728,182000,0.1325856,0.11403161,0.1301725,0
729,182250,0.1662788,0.126252,0.11707217,0
730,182500,0.12033094,0.12194089,0.10820078,0
731,182750,0.1458532,0.1365108,0.1381933,0
732,183000,0.1254195,0.1335368,0.1537549,0
733,183250,0.1731086,0.12296069,0.1478833,0
734,183500,0.1606775,0.09641841,0.1394767,0
735,183750,0.1312091,0.12066861,0.1364366,0
736,184000,0.1364177,0.12282502,0.1844237,0
737,184250,0.1241446,0.11014039,0.1680342,0
738,184500,0.10101746,0.1395514,0.11055545,0
739,184750,0.1270635,0.1513222,0.1405936,0
740,185000,0.139726,0.10824569,0.10770402,0
741,185250,0.11997134,0.1312078,0.12091307,0
742,185500,0.1671008,0.1414067,0.1360778,0
743,185750,0.1623605,0.151035,0.1345717,0
744,186000,0.1792515,0.1755487,0.142779,0
745,186250,0.09983993,0.1558286,0.1759914,0
746,186500,0.1471576,0.1308646,0.1390556,0
747,186750,0.1444579,0.12133985,0.1586274,0
748,187000,0.1587739,0.1113359,0.1409464,0
749,187250,0.1432623,0.1281537,0.160029,0
750,187500,0.1315264,0.10458271,0.1001176,0
751,187750,0.10649414,0.10872855,0.1498228,0
752,188000,0.10478151,0.11606893,0.12439378,0
753,188250,0.10862052,0.1498395,0.1425025,0
754,188500,0.1366192,0.1500066,0.1482075,0
755,188750,0.11729428,0.12288409,0.1432934,0
756,189000,0.11695194,0.10339793,0.1726513,0
757,189250,0.161555,0.1355124,0.1444134,0
758,189500,0.1394667,0.1372762,0.1567306,0
759,189750,0.1250811,0.11780138,0.1566755,0
760,190000,0.11818964,0.129112,0.1503681,0
761,190250,0.10935897,0.11761189,0.1327646,0
762,190500,0.1162091,0.1501099,0.1386643,0
763,190750,0.1276563,0.1281735,0.1647458,0
764,191000,0.10726334,0.1399247,0.10790917,0
765,191250,0.1249363,0.1346039,0.1512852,0
766,191500,0.09779206,0.11760417,0.1595708,0
767,191750,0.169953,0.1464812,0.1403063,0
768,192000,0.11279508,0.11215743,0.1533256,0
769,192250,0.0938189,0.11264245,0.11841702,0
770,192500,0.1141743,0.10650794,0.11108998,0
771,192750,0.1278567,0.1321962,0.11452954,0
772,193000,0.12100347,0.11296029,0.1301091,0
773,193250,0.1261453,0.11595041,0.14348,0
774,193500,0.12003156,0.150094,0.1250524,0
775,193750,0.143065,0.1312927,0.1276815,0
776,194000,0.1504005,0.1420712,0.12345442,0
777,194250,0.11716752,0.1440797,0.1267696,0
778,194500,0.10860171,0.1583364,0.135557,0
779,194750,0.11875176,0.1277642,0.12798,0
780,195000,0.12045192,0.1623819,0.1577501,0
781,195250,0.10864716,0.1375649,0.1574275,0
782,195500,0.1362244,0.10075022,0.12177429,0
783,195750,0.128648,0.1408684,0.1326018,0
784,196000,0.135818,0.1402687,0.12006378,0
785,196250,0.1389484,0.1484231,0.1328728,0
786,196500,0.1296301,0.1531368,0.1294207,0
787,196750,0.1611995,0.1335404,0.1477512,0
788,197000,0.12167804,0.08979459,0.1448241,0
789,197250,0.0927991,0.10716894,0.1624729,0
790,197500,0.11805154,0.1346564,0.1420623,0
791,197750,0.11738037,0.1758031,0.12215372,0
792,198000,0.1460234,0.11723056,0.1462308,0
793,198250,0.11620814,0.1400783,0.1343893,0
794,198500,0.09801443,0.1278621,0.1462929,0
795,198750,0.1266254,0.09696678,0.1480155,0
796,199000,0.1476549,0.1191771,0.10307133,0
797,199250,0.12131382,0.1565972,0.1417431,0
798,199500,0.11916278,0.11989489,0.11021975,0
799,199750,0.1490204,0.1416833,0.10729792,0
800,200000,0.1354255,0.1309387,0.1447,0
801,200250,0.1419715,0.1369074,0.1470766,0
802,200500,0.1253198,0.11684418,0.16599,0
803,200750,0.1682913,0.1256063,0.11845328,0
804,201000,0.126169,0.1323856,0.11567137,0
805,201250,0.1404016,0.1275414,0.1525383,0
806,201500,0.139369,0.12114272,0.1354152,0
807,201750,0.11649262,0.12145394,0.1253607,0
808,202000,0.10607996,0.1288556,0.1536486,0
809,202250,0.1208925,0.1419383,0.1425942,0
810,202500,0.12347633,0.10657994,0.12011626,0
811,202750,0.1258277,0.10748338,0.1460686,0
812,203000,0.12411302,0.1269821,0.1542255,0
813,203250,0.1097803,0.11761608,0.126823,0
814,203500,0.1432529,0.11906166,0.1361389,0
815,203750,0.1422374,0.1390666,0.11562711,0
816,204000,0.1456403,0.1440286,0.1300477,0
817,204250,0.11556356,0.13192,0.1261011,0
818,204500,0.1439781,0.1561862,0.1458889,0
819,204750,0.1466307,0.1672613,0.11357688,0
820,205000,0.1438382,0.1344926,0.12006292,0
821,205250,0.1322515,0.167624,0.12281405,0
822,205500,0.1329988,0.1589565,0.1793077,0
823,205750,0.1223781,0.1513854,0.1251072,0
824,206000,0.1239889,0.1143984,0.125252,0
825,206250,0.12007086,0.1545561,0.1298692,0
826,206500,0.11343871,0.1556488,0.153679,0
827,206750,0.129424,0.1327931,0.1378275,0
828,207000,0.1277172,0.1271171,0.1473662,0
829,207250,0.1476151,0.148407,0.1489807,0
830,207500,0.1452097,0.11215454,0.1425572,0
831,207750,0.11342522,0.11369443,0.1314406,0
832,208000,0.10084622,0.135523,0.1261379,0
833,208250,0.12294094,0.1546526,0.1586423,0
834,208500,0.1632704,0.1641744,0.1685616,0
835,208750,0.1566289,0.1609446,0.1339184,0
836,209000,0.12458263,0.1371993,0.1195451,0
837,209250,0.1720777,0.1338665,0.12401956,0
838,209500,0.12237272,0.1507634,0.1597905,0
839,209750,0.1288533,0.1250477,0.1279913,0
840,210000,0.1333809,0.12270955,0.1233689,0
841,210250,0.12113944,0.11602164,0.1345473,0
842,210500,0.1060743,0.11577915,0.1456663,0
843,210750,0.12001533,0.1364323,0.1344624,0
844,211000,0.1359705,0.1355597,0.1471108,0
845,211250,0.1278261,0.1490912,0.1338286,0
846,211500,0.12144417,0.1442273,0.1417118,0
847,211750,0.1306149,0.1584181,0.1495211,0
848,212000,0.10899273,0.12393495,0.152334,0
849,212250,0.1286709,0.1430334,0.11469159,0
850,212500,0.12330463,0.1301879,0.1425044,0
851,212750,0.11959098,0.12264391,0.1285729,0
852,213000,0.11208814,0.10142428,0.1380182,0
853,213250,0.1394334,0.12176914,0.1930912,0
854,213500,0.11566608,0.1463736,0.1638508,0
855,213750,0.1263688,0.136053,0.1406301,0
856,214000,0.1530112,0.1277857,0.1802163,0
857,214250,0.11695612,0.11740278,0.1267481,0
858,214500,0.12298477,0.11735345,0.1410261,0
859,214750,0.1251991,0.1416469,0.128899,0
860,215000,0.12302689,0.1540298,0.1325837,0
861,215250,0.1315682,0.09839759,0.11053484,0
862,215500,0.1345449,0.1290717,0.1402718,0
863,215750,0.11162366,0.11929888,0.1650467,0
864,216000,0.11507107,0.12347151,0.10599758,0
865,216250,0.1370654,0.12221222,0.1359315,0
866,216500,0.09811878,0.12329228,0.1419672,0
867,216750,0.1257671,0.1339582,0.1463312,0
868,217000,0.1551358,0.10916538,0.1339734,0
869,217250,0.1428928,0.1708878,0.12143123,0
870,217500,0.10319298,0.10845514,0.11456703,0
871,217750,0.09888187,0.1332613,0.1237719,0
872,218000,0.1444144,0.1620809,0.1412637,0
873,218250,0.1414058,0.1347961,0.1034705,0
874,218500,0.1648281,0.1638421,0.1757074,0
875,218750,0.11293484,0.1487944,0.1379102,0
876,219000,0.1339805,0.1715815,0.11356526,0
877,219250,0.1494176,0.10119122,0.1325482,0
878,219500,0.1394024,0.10105491,0.1276377,0
879,219750,0.1389058,0.1417558,0.1293727,0
880,220000,0.1465023,0.2031011,0.10638689,0
881,220250,0.1294037,0.1351782,0.153223,0
882,220500,0.1204759,0.1319859,0.09609704,0
883,220750,0.1360036,0.1331512,0.1138074,0
884,221000,0.11562476,0.1256953,0.1518759,0
885,221250,0.1348649,0.1434086,0.1402852,0
886,221500,0.1384999,0.11648041,0.1471198,0
887,221750,0.12040845,0.1397951,0.1380333,0
888,222000,0.1668178,0.11509364,0.1576263,0
889,222250,0.1428435,0.1305564,0.1612075,0
890,222500,0.12159284,0.1440518,0.12325748,0
891,222750,0.11058107,0.10281516,0.11221938,0
892,223000,0.1348319,0.1415095,0.134776,0
893,223250,0.09882317,0.1795497,0.1254482,0
894,223500,0.126827,0.11223604,0.1968676,0
895,223750,0.10028461,0.12373808,0.1442012,0
896,224000,0.144982,0.162489,0.160145,0
897,224250,0.1336646,0.11440895,0.1162934,0
898,224500,0.1334538,0.10629068,0.1487446,0
899,224750,0.1390852,0.1575905,0.175473,0
900,225000,0.1304121,0.11756413,0.1265366,0
901,225250,0.1276152,0.1259513,0.129134,0
902,225500,0.1336367,0.1678866,0.1307432,0
903,225750,0.1741648,0.142108,0.1432148,0
904,226000,0.1550039,0.1757609,0.1254492,0
905,226250,0.1304243,0.1366961,0.1453622,0
906,226500,0.1256055,0.11895155,0.1608428,0
907,226750,0.11484834,0.1603638,0.10890544,0
908,227000,0.1584362,0.1266901,0.1266137,0
909,227250,0.1430167,0.11915973,0.1347015,0
910,227500,0.1548262,0.1479072,0.152727,0
911,227750,0.1660152,0.1496106,0.1353468,0
912,228000,0.141222,0.11370441,0.11000473,0
913,228250,0.1337274,0.1600303,0.1299682,0
914,228500,0.11995125,0.10259375,0.1739142,0
915,228750,0.1255059,0.10290737,0.1650613,0
916,229000,0.12044945,0.1359421,0.1710285,0
917,229250,0.12215644,0.1135122,0.1353712,0
918,229500,0.1506559,0.12180243,0.12197141,0
919,229750,0.10730195,0.137017,0.12057799,0
920,230000,0.10929613,0.11767843,0.11395899,0
921,230250,0.1771626,0.1392535,0.12475123,0
922,230500,0.1456875,0.1256667,0.1477717,0
923,230750,0.1418331,0.12446876,0.128094,0
924,231000,0.1216115,0.12263523,0.1394903,0
925,231250,0.1385401,0.12342944,0.140037,0
926,231500,0.138214,0.1250151,0.1324866,0
927,231750,0.1436755,0.11802465,0.11658314,0
928,232000,0.1322436,0.1374667,0.1616786,0
929,232250,0.10912018,0.1349445,0.10806766,0
930,232500,0.11587758,0.1312462,0.139848,0
931,232750,0.12101685,0.1406096,0.12009144,0
932,233000,0.131954,0.1345372,0.1378306,0
933,233250,0.12016957,0.1569201,0.1338658,0
934,233500,0.1269958,0.1489735,0.1492149,0
935,233750,0.10449341,0.11018839,0.1250046,0
936,234000,0.1337702,0.11417415,0.133928,0
937,234250,0.1274464,0.12271919,0.1592373,0
938,234500,0.1435249,0.157218,0.1611271,0
939,234750,0.1386172,0.1781795,0.131982,0
940,235000,0.1285875,0.1393022,0.179631,0
941,235250,0.1362025,0.1256214,0.1710753,0
942,235500,0.136322,0.12338021,0.1764828,0
943,235750,0.10275052,0.11576895,0.1223269,0
944,236000,0.11544995,0.1700764,0.1263748,0
945,236250,0.141253,0.1009125,0.1349045,0
946,236500,0.1361871,0.1499276,0.1540532,0
947,236750,0.09597904,0.1440895,0.1603147,0
948,237000,0.1249423,0.1289416,0.1491958,0
949,237250,0.1248328,0.1424609,0.12024273,0
950,237500,0.1272532,0.138711,0.1300334,0
951,237750,0.1547426,0.1438577,0.10882656,0
952,238000,0.11106373,0.1278527,0.1391647,0
953,238250,0.10188256,0.11218496,0.12239416,0
954,238500,0.11938575,0.1552575,0.1340511,0
955,238750,0.1339268,0.1531042,0.1527594,0
956,239000,0.10928981,0.1268003,0.1434525,0
957,239250,0.1322431,0.1272032,0.1447756,0
958,239500,0.1637257,0.1338883,0.08953535,0
959,239750,0.1325316,0.1352237,0.1571122,0
960,240000,0.1431795,0.10886303,0.1481677,0
961,240250,0.1389988,0.1544661,0.1421751,0
962,240500,0.1503181,0.11064108,0.08695044,0
963,240750,0.1388717,0.1686052,0.1271219,0
964,241000,0.10680398,0.1408679,0.10846193,0
965,241250,0.1347122,0.1351874,0.09566463,0
966,241500,0.1392924,0.1434478,0.137466,0
967,241750,0.12319606,0.1358756,0.11497227,0
968,242000,0.1404091,0.140903,0.10375838,0
969,242250,0.1288583,0.1588056,0.11693347,0
970,242500,0.1574842,0.1855995,0.1255131,0
971,242750,0.126788,0.11623994,0.1389293,0
972,243000,0.11884756,0.1441506,0.12388554,0
973,243250,0.10295832,0.1465913,0.1387717,0
974,243500,0.12324544,0.143216,0.1266363,0
975,243750,0.09991102,0.1504621,0.1442161,0
976,244000,0.1399842,0.10917164,0.10075157,0
977,244250,0.12065803,0.11836754,0.12413088,0
978,244500,0.1284302,0.12031304,0.11328661,0
979,244750,0.1392891,0.1368849,0.11839999,0
980,245000,0.1588837,0.1282827,0.1403823,0
981,245250,0.1514015,0.11800474,0.1292434,0
982,245500,0.1475175,0.1893462,0.1534001,0
983,245750,0.1383687,0.12478266,0.1506634,0
984,246000,0.1291021,0.08783711,0.1497012,0
985,246250,0.1412397,0.1210507,0.1600437,0
986,246500,0.12408819,0.142635,0.1302546,0
987,246750,0.11208864,0.1618097,0.1535426,0
988,247000,0.1398182,0.12148394,0.11418097,0
989,247250,0.1410073,0.1408702,0.144983,0
990,247500,0.12000968,0.152747,0.1118385,0
991,247750,0.1547797,0.1400424,0.10885537,0
992,248000,0.106961,0.1201746,0.11336877,0
993,248250,0.1400215,0.1599942,0.160083,0
994,248500,0.1487505,0.130405,0.1466064,0
995,248750,0.11792567,0.1336431,0.1512751,0
996,249000,0.10476755,0.1334173,0.1150467,0
997,249250,0.12227839,0.169208,0.146225,0
998,249500,0.1549639,0.1485581,0.1648445,0
999,249750,0.1326371,0.1753475,0.136027,0
1000,250000,0.1343243,0.1448291,0.1313179,0
1001,250250,0.12419011,0.1648694,0.1583428,0
1002,250500,0.1538783,0.10140102,0.1618696,0
1003,250750,0.10100707,0.1505976,0.1507531,0
1004,251000,0.1284302,0.1398833,0.1604327,0
1005,251250,0.10887644,0.11900311,0.1504933,0
1006,251500,0.1586667,0.1092229,0.1419823,0
1007,251750,0.12311836,0.11636052,0.11194135,0
1008,252000,0.1368613,0.127146,0.1379259,0
1009,252250,0.11218283,0.139727,0.1370526,0
1010,252500,0.1286564,0.1586345,0.1353895,0
1011,252750,0.1340147,0.11382112,0.10569773,0
1012,253000,0.1552863,0.166841,0.1288212,0
1013,253250,0.11404235,0.10879127,0.1372828,0
1014,253500,0.1417338,0.1365763,0.1452132,0
1015,253750,0.11484237,0.1365205,0.1377225,0
1016,254000,0.12136766,0.1912542,0.1605865,0
1017,254250,0.1782649,0.11798587,0.11715411,0
1018,254500,0.1416368,0.133739,0.1421979,0
1019,254750,0.1654845,0.1586842,0.1412053,0
1020,255000,0.1348075,0.10762925,0.11959185,0
1021,255250,0.09131204,0.1284028,0.1481635,0
1022,255500,0.11922658,0.12320224,0.1334922,0
1023,255750,0.1467847,0.1498936,0.09604556,0
1024,256000,0.1695034,0.1468961,0.1406351,0
1025,256250,0.1604037,0.1555629,0.1444635,0
1026,256500,0.0999691,0.1277099,0.1659962,0
1027,256750,0.11301287,0.1414237,0.11827312,0
1028,257000,0.1715202,0.1373557,0.11186006,0
1029,257250,0.1098685,0.1498535,0.1524623,0
1030,257500,0.11321716,0.12324101,0.1382566,0
1031,257750,0.1447428,0.176727,0.12019179,0
1032,258000,0.12444482,0.1259239,0.1273461,0
1033,258250,0.1142128,0.11663062,0.11671109,0
1034,258500,0.11433203,0.1283537,0.12466206,0
1035,258750,0.1346994,0.1295974,0.11361704,0
1036,259000,0.1406284,0.1579804,0.1401634,0
1037,259250,0.12304245,0.1252128,0.129407,0
1038,259500,0.1294258,0.1333425,0.11963294,0
1039,259750,0.1391337,0.1422952,0.11516568,0
1040,260000,0.127291,0.1459686,0.14638,0
1041,260250,0.12237773,0.12064801,0.11211202,0
1042,260500,0.1598896,0.1404578,0.1296848,0
1043,260750,0.1365582,0.1698326,0.1579243,0
1044,261000,0.09610866,0.1600605,0.11674893,0
1045,261250,0.1314065,0.160811,0.1506944,0
1046,261500,0.1351744,0.1297622,0.11210242,0
1047,261750,0.1718665,0.11991347,0.128014,0
1048,262000,0.12301634,0.1573066,0.1838436,0
1049,262250,0.10921794,0.124189,0.1656367,0
1050,262500,0.10157503,0.12179829,0.125062,0
1051,262750,0.1390663,0.1259539,0.166642,0
1052,263000,0.1296459,0.1434604,0.12042626,0
1053,263250,0.1308232,0.12443236,0.1529875,0
1054,263500,0.142018,0.1630567,0.1321443,0
1055,263750,0.11509493,0.11343604,0.10935159,0
1056,264000,0.1408772,0.1257443,0.1372691,0
1057,264250,0.1365753,0.1271646,0.1492608,0
1058,264500,0.12396099,0.1515587,0.1691559,0
1059,264750,0.0977353,0.11915872,0.1432581,0
1060,265000,0.1444958,0.1379374,0.10862307,0
1061,265250,0.1485643,0.1576552,0.1505625,0
1062,265500,0.12050694,0.11358301,0.182155,0
1063,265750,0.1283826,0.136246,0.1394948,0
1064,266000,0.2197656,0.1967614,0.3712033,0
1065,266250,0.1371476,0.1471611,0.1433717,0
1066,266500,0.12331918,0.1305313,0.1327496,0
1067,266750,0.08218388,0.11720472,0.1547592,0
1068,267000,0.1355564,0.11180136,0.11701314,0
1069,267250,0.11203814,0.1490666,0.1417584,0
1070,267500,0.1424602,0.1718749,0.1408796,0
1071,267750,0.12012865,0.1334982,0.1273413,0
1072,268000,0.11292004,0.1479059,0.1308575,0
1073,268250,0.1328402,0.1411183,0.12209584,0
1074,268500,0.10296976,0.12242412,0.1294974,0
1075,268750,0.1366536,0.1308444,0.1510052,0
1076,269000,0.12162783,0.1252794,0.12294092,0
1077,269250,0.1218158,0.1326137,0.11041099,0
1078,269500,0.1300726,0.09466371,0.1259345,0
1079,269750,0.1403781,0.09762973,0.1254671,0
1080,270000,0.11417627,0.12496286,0.1357264,0
1081,270250,0.1381136,0.10592376,0.11798993,0
1082,270500,0.1551394,0.11766691,0.1335402,0
1083,270750,0.1310652,0.1320799,0.1345186,0
1084,271000,0.10927529,0.1463445,0.1573312,0
1085,271250,0.1261324,0.1475056,0.11223638,0
1086,271500,0.1430723,0.12236197,0.11562076,0
1087,271750,0.12246013,0.12203719,0.11799486,0
1088,272000,0.1777879,0.1436714,0.1423483,0
1089,272250,0.1865412,0.1900404,0.1423855,0
1090,272500,0.11566293,0.11244094,0.11970905,0
1091,272750,0.1392437,0.1295185,0.10305483,0
1092,273000,0.1261425,0.128987,0.12053665,0
1093,273250,0.10945968,0.1382271,0.1360896,0
1094,273500,0.1316992,0.11600631,0.1398377,0
1095,273750,0.1292367,0.1545501,0.11350872,0
1096,274000,0.09556581,0.10046764,0.10736665,0
1097,274250,0.1443425,0.1556687,0.1404862,0
1098,274500,0.1667877,0.1371669,0.1431284,0
1099,274750,0.11982635,0.1572209,0.1623522,0
1100,275000,0.11779422,0.11782047,0.1460547,0
1101,275250,0.141217,0.128624,0.09246313,0
1102,275500,0.12451313,0.11538836,0.1252438,0
1103,275750,0.10604122,0.11059689,0.11586721,0
1104,276000,0.11869498,0.127868,0.11200812,0
1105,276250,0.1415077,0.11569621,0.1453505,0
1106,276500,0.1371077,0.1679674,0.11668828,0
1107,276750,0.1547457,0.1414522,0.1737636,0
1108,277000,0.09363761,0.1413038,0.1440275,0
1109,277250,0.1298885,0.1324953,0.1511757,0
1110,277500,0.1325412,0.131014,0.1492423,0
1111,277750,0.1274865,0.11437101,0.159722,0
1112,278000,0.1370969,0.1462273,0.14852,0
1113,278250,0.1279379,0.1302232,0.10586425,0
1114,278500,0.10824944,0.1267939,0.11387732,0
1115,278750,0.1153625,0.13438,0.1451118,0
1116,279000,0.12167815,0.09910636,0.1435183,0
1117,279250,0.12121881,0.131728,0.11677972,0
1118,279500,0.1362694,0.169598,0.10935216,0
1119,279750,0.1499789,0.1538154,0.11493535,0
1120,280000,0.1279231,0.11490517,0.1462717,0
1121,280250,0.10479338,0.1339943,0.11158095,0
1122,280500,0.134638,0.1263742,0.1493357,0
1123,280750,0.1334847,0.1284503,0.12083163,0
1124,281000,0.1306834,0.131836,0.11592764,0
1125,281250,0.133645,0.1538533,0.1271852,0
1126,281500,0.11457392,0.12037128,0.12443686,0
1127,281750,0.11317142,0.12122262,0.1599593,0
1128,282000,0.1321081,0.1779975,0.1452176,0
1129,282250,0.1491988,0.1403894,0.126019,0
1130,282500,0.1484329,0.1410881,0.1340614,0
1131,282750,0.1321448,0.11756756,0.1727123,0
1132,283000,0.1273528,0.1230463,0.1584755,0
1133,283250,0.1275478,0.12205172,0.1107557,0
1134,283500,0.11321223,0.1078888,0.1481851,0
1135,283750,0.12072033,0.1531744,0.11089554,0
1136,284000,0.10332789,0.141849,0.1370201,0
1137,284250,0.1579234,0.1350175,0.1251575,0
1138,284500,0.1504988,0.1520499,0.1700644,0
1139,284750,0.1462331,0.1316241,0.1272402,0
1140,285000,0.1440302,0.1268908,0.1754363,0
1141,285250,0.1327332,0.136135,0.10912689,0
1142,285500,0.11355967,0.1261031,0.1286235,0
1143,285750,0.12251214,0.1375929,0.1322037,0
1144,286000,0.10761233,0.1433662,0.130302,0
1145,286250,0.10939296,0.1523657,0.159491,0
1146,286500,0.09930884,0.141429,0.11065156,0
1147,286750,0.1624493,0.1480273,0.1292968,0
1148,287000,0.10752969,0.1430287,0.1574136,0
1149,287250,0.1408206,0.11127002,0.10820149,0
1150,287500,0.10502963,0.1544478,0.1660132,0
1151,287750,0.1324991,0.1372701,0.1766488,0
1152,288000,0.1410303,0.1535189,0.1282402,0
1153,288250,0.1579512,0.12078843,0.1290186,0
1154,288500,0.1504649,0.1286811,0.1284381,0
1155,288750,0.09428886,0.1416138,0.1517154,0
1156,289000,0.1257757,0.1696455,0.1408923,0
1157,289250,0.11276224,0.1697477,0.1545555,0
1158,289500,0.1328331,0.1407346,0.1304499,0
1159,289750,0.1453299,0.1451801,0.10432619,0
1160,290000,0.1321065,0.1397707,0.11002059,0
1161,290250,0.10042764,0.1278095,0.12406018,0
1162,290500,0.1276929,0.148187,0.1139533,0
1163,290750,0.1332037,0.1419001,0.10813817,0
1164,291000,0.10132645,0.11749207,0.1475723,0
1165,291250,0.10733879,0.11719202,0.10869633,0
1166,291500,0.1602988,0.11506578,0.132031,0
1167,291750,0.1360474,0.1253691,0.1278632,0
1168,292000,0.142094,0.10725681,0.1096661,0
1169,292250,0.11843036,0.1296258,0.1295042,0
1170,292500,0.131939,0.1428425,0.1270296,0
1171,292750,0.1639872,0.1642111,0.12277976,0
1172,293000,0.1343654,0.1518606,0.1318372,0
1173,293250,0.1527437,0.13842,0.1288636,0
1174,293500,0.1306986,0.1056869,0.1415519,0
1175,293750,0.1566665,0.1267488,0.1353713,0
1176,294000,0.12412568,0.12000678,0.1476266,0
1177,294250,0.1529294,0.128423,0.10120109,0
1178,294500,0.12268429,0.1310275,0.11984122,0
1179,294750,0.1596105,0.11178929,0.1489841,0
1180,295000,0.1258729,0.1732374,0.1136854,0
1181,295250,0.1268006,0.12324315,0.1468972,0
1182,295500,0.1469736,0.11840935,0.1512014,0
1183,295750,0.12196267,0.1281852,0.11282478,0
1184,296000,0.1649619,0.11316838,0.1916566,0
1185,296250,0.1710738,0.11996027,0.181588,0
1186,296500,0.1428008,0.1371759,0.1332241,0
1187,296750,0.1557067,0.10687776,0.1298107,0
1188,297000,0.1760342,0.12041607,0.1395273,0
1189,297250,0.1337798,0.1311952,0.1301984,0
1190,297500,0.139122,0.1344211,0.13877,0
1191,297750,0.10536586,0.1263294,0.1497405,0
1192,298000,0.1435303,0.1347819,0.1825521,0
1193,298250,0.11878079,0.1396215,0.168828,0
1194,298500,0.128449,0.1742849,0.1431016,0
1195,298750,0.10830085,0.1328262,0.1488429,0
1196,299000,0.12268278,0.1404505,0.10550211,0
1197,299250,0.1286872,0.1415057,0.1405394,0
1198,299500,0.1312356,0.1497596,0.1973735,0
